Question_Type,Dataset,Model_Family,Target_Model,Transfer_Type,median_acc,q25_acc,q75_acc,bias_median,best_acc,worst_acc
MCQ,MMLU-HUMANITIES,Falcon,Falcon3-10B-Base,Cross,0.5227,0.5173,0.5281,0.2156,0.5372,0.4974
MCQ,MMLU-HUMANITIES,Falcon,Falcon3-10B-Base,Same,0.5427,0.5416,0.5439,0.0608,0.5491,0.5304
MCQ,MMLU-HUMANITIES,Falcon,Falcon3-10B-Instruct,Cross,0.4906,0.4895,0.4918,0.272,0.4954,0.4867
MCQ,MMLU-HUMANITIES,Falcon,Falcon3-10B-Instruct,Same,0.5392,0.5382,0.5404,0.063,0.5572,0.5333
MCQ,MMLU-HUMANITIES,Falcon,Falcon3-3B-Base,Cross,0.4101,0.4044,0.4141,0.3211,0.4233,0.3884
MCQ,MMLU-HUMANITIES,Falcon,Falcon3-3B-Base,Same,0.436,0.4348,0.4372,0.0834,0.4442,0.4208
MCQ,MMLU-HUMANITIES,Falcon,Falcon3-3B-Instruct,Cross,0.4436,0.4429,0.4443,0.1093,0.4465,0.441
MCQ,MMLU-HUMANITIES,Falcon,Falcon3-3B-Instruct,Same,0.4512,0.4503,0.4524,0.0762,0.4662,0.4453
MCQ,MMLU-HUMANITIES,Gemma3,gemma-3-12b-it,Cross,0.5954,0.5949,0.5959,0.137,0.5969,0.5934
MCQ,MMLU-HUMANITIES,Gemma3,gemma-3-12b-it,Same,0.5978,0.5971,0.5986,0.1253,0.608,0.5911
MCQ,MMLU-HUMANITIES,Gemma3,gemma-3-12b-pt,Cross,0.518,0.5078,0.5268,0.315,0.55,0.485
MCQ,MMLU-HUMANITIES,Gemma3,gemma-3-12b-pt,Same,0.5862,0.5845,0.5881,0.0903,0.6053,0.5792
MCQ,MMLU-HUMANITIES,Gemma3,gemma-3-27b-it,Cross,0.6667,0.6661,0.6675,0.0703,0.6692,0.6638
MCQ,MMLU-HUMANITIES,Gemma3,gemma-3-27b-it,Same,0.6708,0.67,0.6717,0.0676,0.6865,0.6629
MCQ,MMLU-HUMANITIES,Gemma3,gemma-3-27b-pt,Cross,0.5536,0.5432,0.5634,0.2947,0.5867,0.5136
MCQ,MMLU-HUMANITIES,Gemma3,gemma-3-27b-pt,Same,0.6262,0.6238,0.6279,0.086,0.6368,0.6068
MCQ,MMLU-HUMANITIES,Llama3,Llama-3.1-70B,Cross,0.5643,0.5602,0.5684,0.2094,0.5815,0.5465
MCQ,MMLU-HUMANITIES,Llama3,Llama-3.1-70B,Same,0.5809,0.5794,0.5828,0.0715,0.6029,0.5749
MCQ,MMLU-HUMANITIES,Llama3,Llama-3.1-70B-Instruct,Cross,0.7485,0.7477,0.7492,0.0596,0.7512,0.7454
MCQ,MMLU-HUMANITIES,Llama3,Llama-3.1-70B-Instruct,Same,0.7482,0.7471,0.7492,0.0626,0.7626,0.7416
MCQ,MMLU-HUMANITIES,Llama3,Llama-3.1-8B,Cross,0.4633,0.4577,0.4681,0.3133,0.4775,0.4379
MCQ,MMLU-HUMANITIES,Llama3,Llama-3.1-8B,Same,0.486,0.4846,0.4876,0.0528,0.5048,0.4813
MCQ,MMLU-HUMANITIES,Llama3,Llama-3.1-8B-Instruct,Cross,0.5406,0.5376,0.5429,0.1809,0.5487,0.5301
MCQ,MMLU-HUMANITIES,Llama3,Llama-3.1-8B-Instruct,Same,0.5515,0.5501,0.553,0.0798,0.561,0.5379
MCQ,MMLU-OTHERS,Falcon,Falcon3-10B-Base,Cross,0.6504,0.647,0.6538,0.1374,0.6608,0.6327
MCQ,MMLU-OTHERS,Falcon,Falcon3-10B-Base,Same,0.6798,0.6783,0.6814,0.0354,0.6864,0.6737
MCQ,MMLU-OTHERS,Falcon,Falcon3-10B-Instruct,Cross,0.5735,0.5718,0.5756,0.2424,0.5806,0.5664
MCQ,MMLU-OTHERS,Falcon,Falcon3-10B-Instruct,Same,0.6255,0.6244,0.6266,0.0233,0.6318,0.6205
MCQ,MMLU-OTHERS,Falcon,Falcon3-3B-Base,Cross,0.5006,0.4935,0.5063,0.2472,0.5193,0.473
MCQ,MMLU-OTHERS,Falcon,Falcon3-3B-Base,Same,0.5429,0.541,0.5441,0.0343,0.5492,0.5351
MCQ,MMLU-OTHERS,Falcon,Falcon3-3B-Instruct,Cross,0.5643,0.5635,0.5653,0.0843,0.5685,0.5613
MCQ,MMLU-OTHERS,Falcon,Falcon3-3B-Instruct,Same,0.5781,0.577,0.5795,0.0346,0.5854,0.5736
MCQ,MMLU-OTHERS,Gemma3,gemma-3-12b-it,Cross,0.7539,0.7533,0.7543,0.0545,0.7557,0.7519
MCQ,MMLU-OTHERS,Gemma3,gemma-3-12b-it,Same,0.7557,0.755,0.7565,0.0473,0.7624,0.7527
MCQ,MMLU-OTHERS,Gemma3,gemma-3-12b-pt,Cross,0.7079,0.7009,0.7133,0.1475,0.7257,0.6758
MCQ,MMLU-OTHERS,Gemma3,gemma-3-12b-pt,Same,0.751,0.7494,0.7522,0.0403,0.7567,0.7456
MCQ,MMLU-OTHERS,Gemma3,gemma-3-27b-it,Cross,0.785,0.7842,0.7857,0.03,0.7869,0.7821
MCQ,MMLU-OTHERS,Gemma3,gemma-3-27b-it,Same,0.7856,0.7849,0.7865,0.0294,0.7919,0.7827
MCQ,MMLU-OTHERS,Gemma3,gemma-3-27b-pt,Cross,0.7521,0.7464,0.7569,0.1304,0.7676,0.7289
MCQ,MMLU-OTHERS,Gemma3,gemma-3-27b-pt,Same,0.7935,0.7924,0.7943,0.0222,0.7993,0.7891
MCQ,MMLU-OTHERS,Llama3,Llama-3.1-70B,Cross,0.7436,0.7413,0.746,0.0734,0.7517,0.7308
MCQ,MMLU-OTHERS,Llama3,Llama-3.1-70B,Same,0.7508,0.7495,0.7525,0.0499,0.7555,0.7465
MCQ,MMLU-OTHERS,Llama3,Llama-3.1-70B-Instruct,Cross,0.8166,0.8157,0.8175,0.0401,0.8201,0.8121
MCQ,MMLU-OTHERS,Llama3,Llama-3.1-70B-Instruct,Same,0.8135,0.8121,0.8147,0.0473,0.8215,0.8087
MCQ,MMLU-OTHERS,Llama3,Llama-3.1-8B,Cross,0.6149,0.61,0.6194,0.1578,0.6292,0.5969
MCQ,MMLU-OTHERS,Llama3,Llama-3.1-8B,Same,0.6305,0.6288,0.6321,0.0549,0.6371,0.6245
MCQ,MMLU-OTHERS,Llama3,Llama-3.1-8B-Instruct,Cross,0.7074,0.7059,0.7087,0.0749,0.7126,0.701
MCQ,MMLU-OTHERS,Llama3,Llama-3.1-8B-Instruct,Same,0.7119,0.7106,0.7133,0.0449,0.718,0.7067
MCQ,MMLU-SOCIAL_SCI,Falcon,Falcon3-10B-Base,Cross,0.696,0.6916,0.7003,0.1304,0.7079,0.672
MCQ,MMLU-SOCIAL_SCI,Falcon,Falcon3-10B-Base,Same,0.732,0.7304,0.7335,0.0303,0.7371,0.7271
MCQ,MMLU-SOCIAL_SCI,Falcon,Falcon3-10B-Instruct,Cross,0.6132,0.6111,0.6154,0.2465,0.6206,0.6044
MCQ,MMLU-SOCIAL_SCI,Falcon,Falcon3-10B-Instruct,Same,0.6721,0.6707,0.6735,0.03,0.6801,0.6673
MCQ,MMLU-SOCIAL_SCI,Falcon,Falcon3-3B-Base,Cross,0.5161,0.509,0.5232,0.2413,0.537,0.485
MCQ,MMLU-SOCIAL_SCI,Falcon,Falcon3-3B-Base,Same,0.559,0.5576,0.5603,0.0339,0.5632,0.5531
MCQ,MMLU-SOCIAL_SCI,Falcon,Falcon3-3B-Instruct,Cross,0.5973,0.5965,0.5982,0.0659,0.6008,0.5931
MCQ,MMLU-SOCIAL_SCI,Falcon,Falcon3-3B-Instruct,Same,0.6094,0.6084,0.6107,0.0183,0.614,0.6047
MCQ,MMLU-SOCIAL_SCI,Gemma3,gemma-3-12b-it,Cross,0.7883,0.7879,0.7889,0.034,0.79,0.7862
MCQ,MMLU-SOCIAL_SCI,Gemma3,gemma-3-12b-it,Same,0.7899,0.7892,0.7905,0.0298,0.7962,0.7876
MCQ,MMLU-SOCIAL_SCI,Gemma3,gemma-3-12b-pt,Cross,0.7334,0.726,0.7384,0.1308,0.7529,0.7026
MCQ,MMLU-SOCIAL_SCI,Gemma3,gemma-3-12b-pt,Same,0.7752,0.7738,0.7769,0.0379,0.7816,0.769
MCQ,MMLU-SOCIAL_SCI,Gemma3,gemma-3-27b-it,Cross,0.825,0.8244,0.8254,0.0265,0.8265,0.8228
MCQ,MMLU-SOCIAL_SCI,Gemma3,gemma-3-27b-it,Same,0.8247,0.824,0.8257,0.029,0.831,0.8215
MCQ,MMLU-SOCIAL_SCI,Gemma3,gemma-3-27b-pt,Cross,0.7881,0.7823,0.7927,0.11,0.8068,0.7636
MCQ,MMLU-SOCIAL_SCI,Gemma3,gemma-3-27b-pt,Same,0.8272,0.8256,0.8286,0.0143,0.8322,0.8222
MCQ,MMLU-SOCIAL_SCI,Llama3,Llama-3.1-70B,Cross,0.7629,0.7603,0.7655,0.0808,0.7713,0.7503
MCQ,MMLU-SOCIAL_SCI,Llama3,Llama-3.1-70B,Same,0.7749,0.7733,0.7763,0.0479,0.78,0.7689
MCQ,MMLU-SOCIAL_SCI,Llama3,Llama-3.1-70B-Instruct,Cross,0.8505,0.8494,0.8517,0.0291,0.854,0.8465
MCQ,MMLU-SOCIAL_SCI,Llama3,Llama-3.1-70B-Instruct,Same,0.8474,0.8462,0.8488,0.0386,0.8541,0.8436
MCQ,MMLU-SOCIAL_SCI,Llama3,Llama-3.1-8B,Cross,0.6109,0.6071,0.6156,0.1653,0.6261,0.5921
MCQ,MMLU-SOCIAL_SCI,Llama3,Llama-3.1-8B,Same,0.6314,0.6298,0.6328,0.0796,0.6371,0.6247
MCQ,MMLU-SOCIAL_SCI,Llama3,Llama-3.1-8B-Instruct,Cross,0.7131,0.7111,0.7147,0.0755,0.7184,0.7067
MCQ,MMLU-SOCIAL_SCI,Llama3,Llama-3.1-8B-Instruct,Same,0.7197,0.7182,0.7212,0.0407,0.7256,0.7134
MCQ,MMLU-STEM,Falcon,Falcon3-10B-Base,Cross,0.5799,0.5759,0.5834,0.1787,0.5918,0.5619
MCQ,MMLU-STEM,Falcon,Falcon3-10B-Base,Same,0.6074,0.6056,0.6092,0.0307,0.6152,0.6004
MCQ,MMLU-STEM,Falcon,Falcon3-10B-Instruct,Cross,0.5213,0.52,0.5225,0.2528,0.5259,0.5162
MCQ,MMLU-STEM,Falcon,Falcon3-10B-Instruct,Same,0.5589,0.5576,0.5606,0.0314,0.5673,0.5525
MCQ,MMLU-STEM,Falcon,Falcon3-3B-Base,Cross,0.4356,0.4302,0.4412,0.3108,0.4549,0.409
MCQ,MMLU-STEM,Falcon,Falcon3-3B-Base,Same,0.4661,0.4642,0.4676,0.0328,0.4721,0.4603
MCQ,MMLU-STEM,Falcon,Falcon3-3B-Instruct,Cross,0.5069,0.5059,0.5079,0.0847,0.5111,0.5033
MCQ,MMLU-STEM,Falcon,Falcon3-3B-Instruct,Same,0.5146,0.5125,0.5161,0.044,0.5204,0.5085
MCQ,MMLU-STEM,Gemma3,gemma-3-12b-it,Cross,0.6407,0.6401,0.6415,0.0903,0.6433,0.6381
MCQ,MMLU-STEM,Gemma3,gemma-3-12b-it,Same,0.6435,0.6422,0.6446,0.0655,0.6482,0.6391
MCQ,MMLU-STEM,Gemma3,gemma-3-12b-pt,Cross,0.5843,0.5754,0.5922,0.2417,0.6139,0.5513
MCQ,MMLU-STEM,Gemma3,gemma-3-12b-pt,Same,0.6317,0.6303,0.6332,0.0506,0.6409,0.6255
MCQ,MMLU-STEM,Gemma3,gemma-3-27b-it,Cross,0.6961,0.6953,0.6971,0.0513,0.6998,0.6931
MCQ,MMLU-STEM,Gemma3,gemma-3-27b-it,Same,0.699,0.6979,0.7001,0.0471,0.7055,0.695
MCQ,MMLU-STEM,Gemma3,gemma-3-27b-pt,Cross,0.651,0.6445,0.6576,0.2003,0.675,0.6269
MCQ,MMLU-STEM,Gemma3,gemma-3-27b-pt,Same,0.7053,0.7035,0.7071,0.0272,0.7111,0.7
MCQ,MMLU-STEM,Llama3,Llama-3.1-70B,Cross,0.6081,0.605,0.6107,0.1408,0.6166,0.5938
MCQ,MMLU-STEM,Llama3,Llama-3.1-70B,Same,0.6232,0.6215,0.625,0.0247,0.6301,0.6158
MCQ,MMLU-STEM,Llama3,Llama-3.1-70B-Instruct,Cross,0.7052,0.7041,0.7064,0.0679,0.7092,0.6999
MCQ,MMLU-STEM,Llama3,Llama-3.1-70B-Instruct,Same,0.7082,0.7067,0.7097,0.0389,0.7143,0.7004
MCQ,MMLU-STEM,Llama3,Llama-3.1-8B,Cross,0.4647,0.461,0.4682,0.2243,0.4765,0.4476
MCQ,MMLU-STEM,Llama3,Llama-3.1-8B,Same,0.4765,0.475,0.4783,0.0491,0.4826,0.4694
MCQ,MMLU-STEM,Llama3,Llama-3.1-8B-Instruct,Cross,0.5368,0.5349,0.5388,0.1169,0.544,0.5282
MCQ,MMLU-STEM,Llama3,Llama-3.1-8B-Instruct,Same,0.5377,0.5361,0.5399,0.0479,0.5447,0.5319
NLI,MNLI,Falcon,Falcon3-10B-Base,Cross,0.6546,0.6342,0.6671,0.2773,0.6922,0.5898
NLI,MNLI,Falcon,Falcon3-10B-Base,Same,0.7847,0.7828,0.7861,0.0837,0.7899,0.7748
NLI,MNLI,Falcon,Falcon3-10B-Instruct,Cross,0.8399,0.8385,0.8416,0.0453,0.8445,0.8311
NLI,MNLI,Falcon,Falcon3-10B-Instruct,Same,0.8444,0.8435,0.845,0.0254,0.8472,0.8408
NLI,MNLI,Falcon,Falcon3-3B-Base,Cross,0.422,0.4106,0.4323,0.5407,0.4637,0.3948
NLI,MNLI,Falcon,Falcon3-3B-Base,Same,0.5495,0.5468,0.5513,0.1038,0.5566,0.5395
NLI,MNLI,Falcon,Falcon3-3B-Instruct,Cross,0.6298,0.6276,0.6313,0.1523,0.6349,0.6226
NLI,MNLI,Falcon,Falcon3-3B-Instruct,Same,0.6456,0.6438,0.6475,0.1063,0.6538,0.6379
NLI,MNLI,Gemma3,gemma-3-12b-it,Cross,0.7677,0.7672,0.7684,0.1087,0.7702,0.7648
NLI,MNLI,Gemma3,gemma-3-12b-it,Same,0.7942,0.7938,0.7949,0.0668,0.8016,0.7917
NLI,MNLI,Gemma3,gemma-3-12b-pt,Cross,0.6022,0.5938,0.6075,0.2986,0.6184,0.5618
NLI,MNLI,Gemma3,gemma-3-12b-pt,Same,0.6785,0.6771,0.6799,0.1029,0.6882,0.6733
NLI,MNLI,Gemma3,gemma-3-27b-it,Cross,0.7939,0.7929,0.7947,0.1382,0.7982,0.7909
NLI,MNLI,Gemma3,gemma-3-27b-it,Same,0.8032,0.8018,0.8046,0.1154,0.8115,0.7978
NLI,MNLI,Gemma3,gemma-3-27b-pt,Cross,0.6336,0.622,0.6436,0.2876,0.67,0.5852
NLI,MNLI,Gemma3,gemma-3-27b-pt,Same,0.7516,0.7508,0.7528,0.063,0.7559,0.7452
NLI,MNLI,Llama3,Llama-3.1-70B,Cross,0.6669,0.6597,0.6734,0.2231,0.6921,0.6309
NLI,MNLI,Llama3,Llama-3.1-70B,Same,0.742,0.7403,0.7434,0.0663,0.7495,0.7352
NLI,MNLI,Llama3,Llama-3.1-70B-Instruct,Cross,0.7692,0.7675,0.7709,0.1282,0.7763,0.7614
NLI,MNLI,Llama3,Llama-3.1-70B-Instruct,Same,0.8075,0.8067,0.8087,0.0286,0.8114,0.803
NLI,MNLI,Llama3,Llama-3.1-8B,Cross,0.4703,0.4595,0.4798,0.3846,0.5033,0.4272
NLI,MNLI,Llama3,Llama-3.1-8B,Same,0.5627,0.5613,0.5637,0.1,0.5698,0.5566
NLI,MNLI,Llama3,Llama-3.1-8B-Instruct,Cross,0.6497,0.6473,0.6516,0.1443,0.6561,0.6371
NLI,MNLI,Llama3,Llama-3.1-8B-Instruct,Same,0.666,0.6651,0.667,0.0662,0.6763,0.6624
NLI,SNLI,Falcon,Falcon3-10B-Base,Cross,0.647,0.6393,0.6548,0.2991,0.6923,0.6223
NLI,SNLI,Falcon,Falcon3-10B-Base,Same,0.7581,0.7565,0.7596,0.1033,0.7763,0.7521
NLI,SNLI,Falcon,Falcon3-10B-Instruct,Cross,0.8773,0.8748,0.8794,0.0563,0.882,0.8659
NLI,SNLI,Falcon,Falcon3-10B-Instruct,Same,0.8906,0.8898,0.8914,0.0256,0.8937,0.883
NLI,SNLI,Falcon,Falcon3-3B-Base,Cross,0.4531,0.4405,0.4692,0.5299,0.4946,0.4127
NLI,SNLI,Falcon,Falcon3-3B-Base,Same,0.5572,0.5538,0.5593,0.1399,0.566,0.5454
NLI,SNLI,Falcon,Falcon3-3B-Instruct,Cross,0.6614,0.6592,0.6627,0.1701,0.6662,0.6542
NLI,SNLI,Falcon,Falcon3-3B-Instruct,Same,0.6752,0.6735,0.6768,0.1403,0.6972,0.6681
NLI,SNLI,Gemma3,gemma-3-12b-it,Cross,0.7468,0.7459,0.748,0.1406,0.7499,0.7351
NLI,SNLI,Gemma3,gemma-3-12b-it,Same,0.7414,0.7379,0.7445,0.1186,0.7686,0.7262
NLI,SNLI,Gemma3,gemma-3-12b-pt,Cross,0.5997,0.5957,0.6019,0.3528,0.6194,0.5739
NLI,SNLI,Gemma3,gemma-3-12b-pt,Same,0.7278,0.7252,0.7294,0.1449,0.737,0.7153
NLI,SNLI,Gemma3,gemma-3-27b-it,Cross,0.8094,0.8069,0.8113,0.0964,0.8164,0.8021
NLI,SNLI,Gemma3,gemma-3-27b-it,Same,0.831,0.8301,0.832,0.0734,0.8418,0.8262
NLI,SNLI,Gemma3,gemma-3-27b-pt,Cross,0.5636,0.5571,0.5682,0.3999,0.5935,0.5104
NLI,SNLI,Gemma3,gemma-3-27b-pt,Same,0.7428,0.7418,0.7444,0.0626,0.7537,0.7385
NLI,SNLI,Llama3,Llama-3.1-70B,Cross,0.6828,0.6735,0.6932,0.2215,0.7079,0.6353
NLI,SNLI,Llama3,Llama-3.1-70B,Same,0.764,0.7623,0.7654,0.0832,0.7706,0.7555
NLI,SNLI,Llama3,Llama-3.1-70B-Instruct,Cross,0.7828,0.7809,0.7852,0.1071,0.791,0.7755
NLI,SNLI,Llama3,Llama-3.1-70B-Instruct,Same,0.8026,0.8004,0.8048,0.0567,0.8155,0.7928
NLI,SNLI,Llama3,Llama-3.1-8B,Cross,0.4958,0.4713,0.5262,0.3083,0.5647,0.4161
NLI,SNLI,Llama3,Llama-3.1-8B,Same,0.514,0.5126,0.5154,0.12,0.5318,0.4892
NLI,SNLI,Llama3,Llama-3.1-8B-Instruct,Cross,0.6096,0.6068,0.6117,0.1915,0.616,0.5984
NLI,SNLI,Llama3,Llama-3.1-8B-Instruct,Same,0.6198,0.6179,0.6222,0.0896,0.6284,0.6046
YN,ARITH,Falcon,Falcon3-10B-Base,Cross,0.805,0.7965,0.8099,0.1509,0.8263,0.7352
YN,ARITH,Falcon,Falcon3-10B-Base,Same,0.8797,0.8775,0.8813,0.0215,0.8893,0.8662
YN,ARITH,Falcon,Falcon3-10B-Instruct,Cross,0.8806,0.8776,0.8827,0.0712,0.8892,0.8683
YN,ARITH,Falcon,Falcon3-10B-Instruct,Same,0.8975,0.896,0.8994,0.0231,0.9097,0.8866
YN,ARITH,Falcon,Falcon3-3B-Base,Cross,0.6717,0.6532,0.7051,0.31,0.7586,0.6056
YN,ARITH,Falcon,Falcon3-3B-Base,Same,0.8394,0.8374,0.8413,0.0319,0.846,0.8194
YN,ARITH,Falcon,Falcon3-3B-Instruct,Cross,0.8015,0.7983,0.8036,0.0921,0.8101,0.7875
YN,ARITH,Falcon,Falcon3-3B-Instruct,Same,0.8331,0.8305,0.8346,0.0089,0.839,0.801
YN,ARITH,Gemma3,gemma-3-12b-it,Cross,0.8623,0.8464,0.8689,0.096,0.875,0.8076
YN,ARITH,Gemma3,gemma-3-12b-it,Same,0.8944,0.8925,0.8962,0.0075,0.9003,0.8726
YN,ARITH,Gemma3,gemma-3-12b-pt,Cross,0.6989,0.6789,0.7415,0.2857,0.8087,0.623
YN,ARITH,Gemma3,gemma-3-12b-pt,Same,0.8907,0.8876,0.8931,0.0144,0.8989,0.8619
YN,ARITH,Gemma3,gemma-3-27b-it,Cross,0.9794,0.979,0.9795,0.0129,0.9808,0.9778
YN,ARITH,Gemma3,gemma-3-27b-it,Same,0.9828,0.9814,0.9835,0.0039,0.9859,0.9773
YN,ARITH,Gemma3,gemma-3-27b-pt,Cross,0.7514,0.7034,0.8098,0.2411,0.8689,0.6423
YN,ARITH,Gemma3,gemma-3-27b-pt,Same,0.9499,0.9484,0.9511,0.0108,0.9544,0.9334
YN,ARITH,Llama3,Llama-3.1-70B,Cross,0.8868,0.8764,0.8971,0.1085,0.9204,0.8542
YN,ARITH,Llama3,Llama-3.1-70B,Same,0.9523,0.9506,0.9536,0.0119,0.9567,0.9367
YN,ARITH,Llama3,Llama-3.1-70B-Instruct,Cross,0.9644,0.9634,0.9664,0.0278,0.9685,0.9603
YN,ARITH,Llama3,Llama-3.1-70B-Instruct,Same,0.9805,0.9792,0.9816,0.0031,0.9848,0.9725
YN,ARITH,Llama3,Llama-3.1-8B,Cross,0.7704,0.7513,0.7831,0.1677,0.8106,0.6957
YN,ARITH,Llama3,Llama-3.1-8B,Same,0.8169,0.8141,0.8189,0.0265,0.8258,0.7983
YN,ARITH,Llama3,Llama-3.1-8B-Instruct,Cross,0.7791,0.7636,0.7879,0.1463,0.8056,0.7052
YN,ARITH,Llama3,Llama-3.1-8B-Instruct,Same,0.8278,0.8251,0.8302,0.0149,0.8356,0.792
YN,BABI,Falcon,Falcon3-10B-Base,Cross,0.8423,0.8241,0.8557,0.1238,0.8762,0.755
YN,BABI,Falcon,Falcon3-10B-Base,Same,0.9027,0.9005,0.9045,0.0126,0.9092,0.896
YN,BABI,Falcon,Falcon3-10B-Instruct,Cross,0.9065,0.9041,0.9087,0.0389,0.9131,0.8977
YN,BABI,Falcon,Falcon3-10B-Instruct,Same,0.9176,0.9161,0.9186,0.0144,0.9218,0.9122
YN,BABI,Falcon,Falcon3-3B-Base,Cross,0.6603,0.636,0.6806,0.3066,0.7441,0.5821
YN,BABI,Falcon,Falcon3-3B-Base,Same,0.8601,0.8583,0.8621,0.0246,0.8667,0.8539
YN,BABI,Falcon,Falcon3-3B-Instruct,Cross,0.7921,0.7868,0.797,0.1543,0.8094,0.7768
YN,BABI,Falcon,Falcon3-3B-Instruct,Same,0.8333,0.8317,0.8358,0.0458,0.8408,0.8266
YN,BABI,Gemma3,gemma-3-12b-it,Cross,0.9119,0.9094,0.9139,0.0576,0.9186,0.8784
YN,BABI,Gemma3,gemma-3-12b-it,Same,0.9214,0.9198,0.9234,0.0083,0.9267,0.9152
YN,BABI,Gemma3,gemma-3-12b-pt,Cross,0.6665,0.6544,0.6789,0.3069,0.7377,0.6294
YN,BABI,Gemma3,gemma-3-12b-pt,Same,0.8672,0.865,0.8697,0.0425,0.8779,0.86
YN,BABI,Gemma3,gemma-3-27b-it,Cross,0.9192,0.9182,0.9208,0.0371,0.9237,0.9156
YN,BABI,Gemma3,gemma-3-27b-it,Same,0.9164,0.9148,0.9181,0.0115,0.9211,0.9094
YN,BABI,Gemma3,gemma-3-27b-pt,Cross,0.6639,0.658,0.6747,0.307,0.7346,0.6453
YN,BABI,Gemma3,gemma-3-27b-pt,Same,0.8919,0.8897,0.8936,0.0045,0.8973,0.8858
YN,BABI,Llama3,Llama-3.1-70B,Cross,0.8419,0.8347,0.8498,0.099,0.8654,0.815
YN,BABI,Llama3,Llama-3.1-70B,Same,0.8878,0.8853,0.8894,0.0054,0.8939,0.8816
YN,BABI,Llama3,Llama-3.1-70B-Instruct,Cross,0.925,0.9242,0.926,0.0363,0.9283,0.9212
YN,BABI,Llama3,Llama-3.1-70B-Instruct,Same,0.9219,0.9201,0.9232,0.0031,0.9269,0.9152
YN,BABI,Llama3,Llama-3.1-8B,Cross,0.7328,0.7107,0.7481,0.237,0.7812,0.6425
YN,BABI,Llama3,Llama-3.1-8B,Same,0.8453,0.8437,0.8475,0.0068,0.8527,0.8383
YN,BABI,Llama3,Llama-3.1-8B-Instruct,Cross,0.8502,0.843,0.8547,0.1032,0.8645,0.8177
YN,BABI,Llama3,Llama-3.1-8B-Instruct,Same,0.8721,0.8703,0.8742,0.0056,0.8781,0.8653
YN,COMPS,Falcon,Falcon3-10B-Base,Cross,0.7908,0.7801,0.7998,0.1234,0.8175,0.7367
YN,COMPS,Falcon,Falcon3-10B-Base,Same,0.842,0.8406,0.8433,0.0047,0.8489,0.8233
YN,COMPS,Falcon,Falcon3-10B-Instruct,Cross,0.8233,0.8221,0.8247,0.0517,0.8272,0.8192
YN,COMPS,Falcon,Falcon3-10B-Instruct,Same,0.8275,0.8262,0.8289,0.0105,0.8396,0.8152
YN,COMPS,Falcon,Falcon3-3B-Base,Cross,0.7034,0.6832,0.7237,0.2023,0.7446,0.6152
YN,COMPS,Falcon,Falcon3-3B-Base,Same,0.7756,0.7741,0.777,0.0041,0.783,0.7491
YN,COMPS,Falcon,Falcon3-3B-Instruct,Cross,0.7683,0.7655,0.7703,0.0604,0.775,0.756
YN,COMPS,Falcon,Falcon3-3B-Instruct,Same,0.7758,0.7746,0.7774,0.0168,0.7872,0.76
YN,COMPS,Gemma3,gemma-3-12b-it,Cross,0.8225,0.8207,0.8237,0.0685,0.8267,0.8148
YN,COMPS,Gemma3,gemma-3-12b-it,Same,0.8315,0.8299,0.8328,0.0081,0.8395,0.8049
YN,COMPS,Gemma3,gemma-3-12b-pt,Cross,0.6216,0.6152,0.6338,0.3077,0.7314,0.6052
YN,COMPS,Gemma3,gemma-3-12b-pt,Same,0.8054,0.8038,0.8073,0.0108,0.8119,0.7847
YN,COMPS,Gemma3,gemma-3-27b-it,Cross,0.8451,0.8443,0.8457,0.0599,0.8481,0.8414
YN,COMPS,Gemma3,gemma-3-27b-it,Same,0.8524,0.8513,0.854,0.0079,0.8586,0.8192
YN,COMPS,Gemma3,gemma-3-27b-pt,Cross,0.6579,0.6354,0.6876,0.2675,0.7639,0.6172
YN,COMPS,Gemma3,gemma-3-27b-pt,Same,0.8202,0.8187,0.8217,0.0079,0.829,0.8028
YN,COMPS,Llama3,Llama-3.1-70B,Cross,0.8073,0.7985,0.8096,0.0694,0.8213,0.7795
YN,COMPS,Llama3,Llama-3.1-70B,Same,0.8215,0.8196,0.8227,0.0034,0.827,0.7954
YN,COMPS,Llama3,Llama-3.1-70B-Instruct,Cross,0.835,0.834,0.8361,0.0332,0.8388,0.8299
YN,COMPS,Llama3,Llama-3.1-70B-Instruct,Same,0.839,0.8376,0.8406,0.0039,0.8447,0.8086
YN,COMPS,Llama3,Llama-3.1-8B,Cross,0.7515,0.7368,0.7639,0.1135,0.7786,0.6917
YN,COMPS,Llama3,Llama-3.1-8B,Same,0.7782,0.7763,0.7794,0.0054,0.7844,0.7566
YN,COMPS,Llama3,Llama-3.1-8B-Instruct,Cross,0.8009,0.7978,0.8024,0.0516,0.806,0.7854
YN,COMPS,Llama3,Llama-3.1-8B-Instruct,Same,0.8043,0.8023,0.8053,0.0059,0.8131,0.7756
YN,EWOK,Falcon,Falcon3-10B-Base,Cross,0.6959,0.6864,0.7047,0.1718,0.7178,0.6632
YN,EWOK,Falcon,Falcon3-10B-Base,Same,0.7304,0.7285,0.7317,0.0072,0.7367,0.7232
YN,EWOK,Falcon,Falcon3-10B-Instruct,Cross,0.7402,0.7393,0.7409,0.0743,0.7435,0.737
YN,EWOK,Falcon,Falcon3-10B-Instruct,Same,0.7485,0.7466,0.7504,0.0101,0.7551,0.7415
YN,EWOK,Falcon,Falcon3-3B-Base,Cross,0.5666,0.5556,0.5773,0.3655,0.5999,0.5294
YN,EWOK,Falcon,Falcon3-3B-Base,Same,0.6351,0.6328,0.637,0.0108,0.6434,0.6284
YN,EWOK,Falcon,Falcon3-3B-Instruct,Cross,0.6541,0.6528,0.6558,0.1695,0.659,0.6479
YN,EWOK,Falcon,Falcon3-3B-Instruct,Same,0.6706,0.669,0.6723,0.0205,0.6773,0.665
YN,EWOK,Gemma3,gemma-3-12b-it,Cross,0.7403,0.7385,0.7414,0.1157,0.7425,0.7353
YN,EWOK,Gemma3,gemma-3-12b-it,Same,0.7412,0.7391,0.7431,0.0076,0.7477,0.7336
YN,EWOK,Gemma3,gemma-3-12b-pt,Cross,0.6133,0.5996,0.6347,0.2567,0.6632,0.5771
YN,EWOK,Gemma3,gemma-3-12b-pt,Same,0.7011,0.6994,0.7026,0.0077,0.7072,0.6955
YN,EWOK,Gemma3,gemma-3-27b-it,Cross,0.7696,0.7682,0.7709,0.0482,0.7726,0.7654
YN,EWOK,Gemma3,gemma-3-27b-it,Same,0.7725,0.7713,0.7745,0.0124,0.7782,0.7667
YN,EWOK,Gemma3,gemma-3-27b-pt,Cross,0.6365,0.6218,0.6578,0.2418,0.6794,0.5934
YN,EWOK,Gemma3,gemma-3-27b-pt,Same,0.7118,0.7095,0.7138,0.0066,0.7188,0.7051
YN,EWOK,Llama3,Llama-3.1-70B,Cross,0.7437,0.7405,0.7462,0.0992,0.7517,0.7301
YN,EWOK,Llama3,Llama-3.1-70B,Same,0.7571,0.7555,0.7587,0.0064,0.764,0.7517
YN,EWOK,Llama3,Llama-3.1-70B-Instruct,Cross,0.8035,0.8019,0.8042,0.0795,0.8062,0.7979
YN,EWOK,Llama3,Llama-3.1-70B-Instruct,Same,0.8089,0.8071,0.8105,0.0044,0.8161,0.8036
YN,EWOK,Llama3,Llama-3.1-8B,Cross,0.6261,0.6213,0.63,0.1633,0.6396,0.6024
YN,EWOK,Llama3,Llama-3.1-8B,Same,0.6473,0.6456,0.6493,0.0157,0.6542,0.6417
YN,EWOK,Llama3,Llama-3.1-8B-Instruct,Cross,0.6932,0.6893,0.6967,0.0986,0.7014,0.6802
YN,EWOK,Llama3,Llama-3.1-8B-Instruct,Same,0.7074,0.7056,0.7093,0.0062,0.7128,0.7012
